sample_id,label,measure,huy,ducanh,agree
BDD02,crosswalk,count,1,0,0
BDD02,crosswalk,attr:boundary,visible,,0
BDD02,drivable_area,count,1,1,1
BDD02,drivable_area,attr:area_type,direct,direct,1
BDD02,drivable_area,attr:boundary,visible,visible,1
BDD02,lane_marking,count,2,2,1
BDD02,lane_marking,attr:color,white|white,white|white,1
BDD02,lane_marking,attr:style,dashed|solid,dashed|solid,1
BDD02,frame_review,tag,1,1,1
BDD02,frame_review,attr:decision,ok,ok,1
BDD02,frame_review,attr:reason,__undefined__,__undefined__,1
BDD05,drivable_area,count,1,2,0
BDD05,drivable_area,attr:area_type,direct,alternative|direct,0
BDD05,drivable_area,attr:boundary,visible,visible|visible,0
BDD05,lane_marking,count,2,2,1
BDD05,lane_marking,attr:color,white|white,white|white,1
BDD05,lane_marking,attr:style,solid|solid,solid|solid,1
BDD05,frame_review,tag,1,1,1
BDD05,frame_review,attr:decision,ok,ok,1
BDD05,frame_review,attr:reason,__undefined__,__undefined__,1
BDD11,crosswalk,count,1,1,1
BDD11,crosswalk,attr:boundary,visible,visible,1
BDD11,drivable_area,count,2,2,1
BDD11,drivable_area,attr:area_type,alternative|direct,alternative|direct,1
BDD11,drivable_area,attr:boundary,visible|visible,visible|visible,1
BDD11,lane_marking,count,2,2,1
BDD11,lane_marking,attr:color,white|white,white|white,1
BDD11,lane_marking,attr:style,dashed|solid,dashed|solid,1
BDD11,frame_review,tag,1,1,1
BDD11,frame_review,attr:decision,ok,ok,1
BDD11,frame_review,attr:reason,__undefined__,__undefined__,1
BDD16,drivable_area,count,1,2,0
BDD16,drivable_area,attr:area_type,direct,direct|direct,0
BDD16,drivable_area,attr:boundary,visible,visible|visible,0
BDD16,lane_marking,count,0,0,1
BDD16,frame_review,tag,1,1,1
BDD16,frame_review,attr:decision,ok,ok,1
BDD16,frame_review,attr:reason,__undefined__,__undefined__,1
BDD18,crosswalk,count,1,1,1
BDD18,crosswalk,attr:boundary,estimated,visible,0
BDD18,drivable_area,count,2,2,1
BDD18,drivable_area,attr:area_type,alternative|direct,alternative|direct,1
BDD18,drivable_area,attr:boundary,estimated|visible,visible|visible,0
BDD18,lane_marking,count,1,1,1
BDD18,lane_marking,attr:color,yellow,yellow,1
BDD18,lane_marking,attr:style,double,double,1
BDD18,frame_review,tag,1,1,1
BDD18,frame_review,attr:decision,ok,ok,1
BDD18,frame_review,attr:reason,__undefined__,__undefined__,1
BDD25,drivable_area,count,2,2,1
BDD25,drivable_area,attr:area_type,alternative|direct,alternative|direct,1
BDD25,drivable_area,attr:boundary,visible|visible,visible|visible,1
BDD25,lane_marking,count,2,4,0
BDD25,lane_marking,attr:color,white|white,white|white|yellow|yellow,0
BDD25,lane_marking,attr:style,dashed|solid,dashed|solid|solid|solid,0
BDD25,frame_review,tag,1,1,1
BDD25,frame_review,attr:decision,ok,ok,1
BDD25,frame_review,attr:reason,__undefined__,__undefined__,1
