sample_id,decision_id,expected,severity,kind,peer_evidence,correct,note
BDD14,d1,label=drivable_area direct x1: làn giữa hai vạch trắng đứt chứa x≈640,major,decision,drivable_area [areaType=alternative;needs_review=false;visibility=visible]×2 | drivable_area [areaType=direct;needs_review=false;visibility=visible],1,direct là làn giữa chứa x≈640
BDD14,d2,label=drivable_area alternative x2: 1 polygon gộp các làn bên trái tới chân guardrail; 1 polygon làn phải tới vạch biên liền,major,decision,drivable_area [areaType=alternative;needs_review=false;visibility=visible]×2 | drivable_area [areaType=direct;needs_review=false;visibility=visible],1,"2 polygon alternative: trái tới guardrail, phải tới vạch biên liền"
BDD14,d3,geometry: direct cắt sedan bạc phía trước; biên trái/phải trùng tim vạch đứt lệch ≤ 5 px ở y > 450; mép dưới sát capô,minor,geometry,drivable_area [areaType=alternative;needs_review=false;visibility=visible]×2 | drivable_area [areaType=direct;needs_review=false;visibility=visible],0,"cắt sedan đúng, nhưng biên direct cách tim vạch đứt ~20–40 px (để khe hở với alternative) và mép dưới y≈680 lấn lên capô (capô ở y≈655)"
BDD14,d4,IGNORE: không có drivable_area trên bãi cỏ và shoulder bên phải vạch biên liền,major,decision,drivable_area [areaType=alternative;needs_review=false;visibility=visible]×2 | drivable_area [areaType=direct;needs_review=false;visibility=visible],1,"alternative phải dừng ở vạch biên liền, không tô bãi cỏ/shoulder"
BDD24,d1,label=drivable_area direct x1 dừng ở mép dưới đống tuyết; KHÔNG có polygon direct thứ hai phía sau đống tuyết,major,decision,drivable_area [areaType=alternative;needs_review=false;visibility=visible] | drivable_area [areaType=direct;needs_review=false;visibility=visible],0,làn ego bên phải vạch (chứa x≈640) dừng đúng ở mép đống tuyết nhưng bị gán alternative; làn trái (limo) bị gán direct — đảo direct/alternative
BDD24,d2,IGNORE: đống tuyết giữa làn ego và tuyết sát lề trái không nằm trong drivable_area,major,decision,drivable_area [areaType=alternative;needs_review=false;visibility=visible] | drivable_area [areaType=direct;needs_review=false;visibility=visible],1,đống tuyết giữa đường không nằm trong polygon nào
BDD24,d3,attribute: boundary=estimated trên polygon direct,minor,decision,drivable_area [areaType=alternative;needs_review=false;visibility=visible] | drivable_area [areaType=direct;needs_review=false;visibility=visible],0,schema peer dùng không có boundary; attribute tương đương visibility vẫn để visible dù có lựa chọn unknown
BDD24,d4,label=drivable_area alternative x1 cho làn bên trái vạch trắng liền; xe limo trắng cắt ra,major,decision,drivable_area [areaType=alternative;needs_review=false;visibility=visible] | drivable_area [areaType=direct;needs_review=false;visibility=visible],0,làn trái được vẽ và cắt limo đúng nhưng gán direct thay vì alternative
BDD13,d1,IGNORE: không có drivable_area bên trái vạch vàng đôi (làn có Lexus chạy ngược chiều),critical,decision,drivable_area [areaType=direct;needs_review=false;visibility=visible],1,biên trái direct nằm bên phải phần kéo dài của vạch vàng đôi; không có polygon ở làn Lexus
BDD13,d2,label=crosswalk: có polygon crosswalk phủ dải sọc vàng phía trước; Lexus và xe bán tải cắt ra (có thể thành ≥ 2 polygon),major,decision,drivable_area [areaType=direct;needs_review=false;visibility=visible],0,không có polygon crosswalk — export chỉ có label drivable_area (peer không dán cvat_labels.json của gói)
BDD13,d3,"geometry: direct cắt xe bán tải trắng phía trước (không phủ lên thân xe, không vẽ phần đường sau xe)",major,geometry,drivable_area [areaType=direct;needs_review=false;visibility=visible],1,"direct khoét xe bán tải, không vẽ phần đường phía sau xe"
BDD07,d1,IGNORE: không có drivable_area bên trái vạch vàng đôi (làn có xe SUV xanh chạy ngược chiều),critical,decision,drivable_area [areaType=alternative;needs_review=false;visibility=visible] | drivable_area [areaType=direct;needs_review=false;visibility=visible],1,không có polygon bên trái vạch vàng đôi
BDD07,d2,label=drivable_area direct x1 = làn của xe SUV trắng phía trước (giữa vạch vàng đôi và vạch trắng đứt bên phải); SUV trắng cắt ra,major,decision,drivable_area [areaType=alternative;needs_review=false;visibility=visible] | drivable_area [areaType=direct;needs_review=false;visibility=visible],1,"direct = làn SUV trắng, SUV được khoét"
BDD07,d3,"geometry: biên trái direct nằm ở mép phải vạch vàng đôi, lệch ≤ 5 px ở y > 450",minor,geometry,drivable_area [areaType=alternative;needs_review=false;visibility=visible] | drivable_area [areaType=direct;needs_review=false;visibility=visible],1,"biên trái direct sát mép phải vạch vàng đôi ở y≈560 (≈ 395 px), trong ngưỡng 5 px"
BDD07,d4,label=crosswalk: có polygon crosswalk phủ dải sọc trắng ngang đường ở xa (y≈320–335); xe trên vạch cắt ra (có thể thành nhiều polygon),major,decision,drivable_area [areaType=alternative;needs_review=false;visibility=visible] | drivable_area [areaType=direct;needs_review=false;visibility=visible],0,không có polygon crosswalk cho vạch sang đường ở xa — label crosswalk không có trong export
BDD07,d5,IGNORE: xe đen đỗ sát curb phải không nằm trong drivable_area,minor,decision,drivable_area [areaType=alternative;needs_review=false;visibility=visible] | drivable_area [areaType=direct;needs_review=false;visibility=visible],1,"biên alternative đi dưới xe đen đỗ sát curb, xe không nằm trong polygon"
BDD23,d1,"label=drivable_area direct x1 phủ lòng đường giữa hai dãy xe đỗ, KHÔNG có alternative; HOẶC frame_review=escalate với reason nêu 1 chiều/2 chiều — cả hai đều đúng",major,decision,drivable_area [areaType=direct;needs_review=false;visibility=visible],1,"1 polygon direct phủ lòng đường giữa hai dãy xe đỗ, không có alternative"
BDD23,d2,IGNORE: không có drivable_area phủ lên các xe đỗ hai bên,major,decision,drivable_area [areaType=direct;needs_review=false;visibility=visible],1,polygon không phủ lên xe đỗ hai bên
BDD23,d3,"geometry: biên phải direct theo mép bánh xe đỗ phía lòng đường, lệch ≤ 10 px",minor,geometry,drivable_area [areaType=direct;needs_review=false;visibility=visible],1,"biên phải bám mép bánh xe đỗ, lệch trong ~10 px"
BDD23,d4,label=lane_marking: vạch trắng liền bên trái (mép dãy xe đỗ trái) là 1 polyline color=white style=solid,minor,decision,drivable_area [areaType=direct;needs_review=false;visibility=visible],0,không có polyline lane_marking — label không có trong export
