sample_id,decision_id,expected,severity,rationale
BDD14,d1,label=drivable_area direct x1: làn giữa hai vạch trắng đứt chứa x≈640,major,ca chuẩn: làn ego trên cao tốc (guideline mục 4)
BDD14,d2,label=drivable_area alternative x2: 1 polygon gộp các làn bên trái tới chân guardrail; 1 polygon làn phải tới vạch biên liền,major,mọi làn cùng chiều là alternative; hai phía là hai polygon (mục 2)
BDD14,d3,geometry: direct cắt sedan bạc phía trước; biên trái/phải trùng tim vạch đứt lệch ≤ 5 px ở y > 450; mép dưới sát capô,minor,mục 3a: cắt xe; biên tại tim vạch phân làn
BDD14,d4,IGNORE: không có drivable_area trên bãi cỏ và shoulder bên phải vạch biên liền,major,shoulder ngoài vạch biên liền ngoài scope (mục 5)
BDD24,d1,label=drivable_area direct x1 dừng ở mép dưới đống tuyết; KHÔNG có polygon direct thứ hai phía sau đống tuyết,major,vật cản chắn hết bề ngang làn ego (mục 5)
BDD24,d2,IGNORE: đống tuyết giữa làn ego và tuyết sát lề trái không nằm trong drivable_area,major,"vật cản tĩnh cắt ra như xe (mục 3a, 5)"
BDD24,d3,attribute: boundary=estimated trên polygon direct,minor,biên bị tuyết che phải đoán (mục 6)
BDD24,d4,label=drivable_area alternative x1 cho làn bên trái vạch trắng liền; xe limo trắng cắt ra,major,làn cùng chiều bên kia vạch trắng liền vẫn là alternative (mục 4)
BDD13,d1,IGNORE: không có drivable_area bên trái vạch vàng đôi (làn có Lexus chạy ngược chiều),critical,vẽ làn ngược chiều là failure nguy hiểm nhất (01_problem_statement câu 3)
BDD13,d2,label=crosswalk: có polygon crosswalk phủ dải sọc vàng phía trước; Lexus và xe bán tải cắt ra (có thể thành ≥ 2 polygon),major,"mục 3c: vạch sang đường là label riêng, cắt xe"
BDD13,d3,"geometry: direct cắt xe bán tải trắng phía trước (không phủ lên thân xe, không vẽ phần đường sau xe)",major,mục 3a
BDD07,d1,IGNORE: không có drivable_area bên trái vạch vàng đôi (làn có xe SUV xanh chạy ngược chiều),critical,vẽ làn ngược chiều là failure nguy hiểm nhất (01_problem_statement câu 3)
BDD07,d2,label=drivable_area direct x1 = làn của xe SUV trắng phía trước (giữa vạch vàng đôi và vạch trắng đứt bên phải); SUV trắng cắt ra,major,làn chứa x≈640 (mục 4); cắt xe (mục 3a)
BDD07,d3,"geometry: biên trái direct nằm ở mép phải vạch vàng đôi, lệch ≤ 5 px ở y > 450",minor,mục 3a: mép trong vạch vàng tim đường
BDD07,d4,label=crosswalk: có polygon crosswalk phủ dải sọc trắng ngang đường ở xa (y≈320–335); xe trên vạch cắt ra (có thể thành nhiều polygon),major,mục 3c: vạch sang đường nhỏ ở xa vẫn phải vẽ
BDD07,d5,IGNORE: xe đen đỗ sát curb phải không nằm trong drivable_area,minor,"mục 3a, 5: cắt xe, làn đỗ không vẽ"
BDD23,d1,"label=drivable_area direct x1 phủ lòng đường giữa hai dãy xe đỗ, KHÔNG có alternative; HOẶC frame_review=escalate với reason nêu 1 chiều/2 chiều — cả hai đều đúng",major,mục 5: đường không vạch 1 chiều; ca ambiguity cho phép escalate
BDD23,d2,IGNORE: không có drivable_area phủ lên các xe đỗ hai bên,major,"mục 3a: cắt xe, dãy xe đỗ không vẽ"
BDD23,d3,"geometry: biên phải direct theo mép bánh xe đỗ phía lòng đường, lệch ≤ 10 px",minor,mục 3a: dãy xe đỗ không vạch
BDD23,d4,label=lane_marking: vạch trắng liền bên trái (mép dãy xe đỗ trái) là 1 polyline color=white style=solid,minor,mục 3b
